{"main-sidebar":{"search-2":{"title":""},"recent-posts-3":{"title":"","number":5,"show_date":false},"recent-comments-3":{"title":"","number":5},"categories-3":{"title":"","count":0,"hierarchical":0,"dropdown":0},"tag_cloud-2":{"title":"","count":0,"taxonomy":"post_tag"}},"shop-sidebar":{"woocommerce_product_search-2":{"title":""},"woocommerce_price_filter-2":{"title":"Filter by price"},"woocommerce_widget_cart-2":{"title":"Cart","hide_if_empty":0},"woocommerce_top_rated_products-2":{"title":"Top rated products","number":5}},"sidebar-footer-1":{"text-2":{"title":"About Us","text":"Arteon\u00a0is an ultimate, powerful WordPress theme which is basically created for multi purposes and finds a use for different purposes.\r\n\r\n<a href=\"mailto:hello@neuronthemes.com\" target=\"_top\">hello@neuronthemes.com<\/a>","filter":true,"visual":true}},"sidebar-footer-2":{"recent-posts-4":{"title":"","number":3,"show_date":true}},"sidebar-footer-3":{"nav_menu-3":{"title":"Quick Menu","nav_menu":49}},"sidebar-footer-4":{"tag_cloud-3":{"title":"Tag Cloud","count":0,"taxonomy":"post_tag"}},"sliding-bar":{"custom_html-2":{"title":"Start Now","content":"<a href=\"http:\/\/arteon.local\/buy-now\/\" class=\"a-button a-button--regular a-button--theme-color\" style=\"display: block; text-align: center\">Purchase for 59$<\/a>"},"text-3":{"title":"About Us","text":"Arteon\u00a0is an ultimate, powerful WordPress theme which is basically created for multi purposes and finds a use for different purposes.\r\n\r\n<a href=\"mailto:hello@neuronthemes.com\" target=\"_top\">hello@neuronthemes.com<\/a>","filter":true,"visual":true},"recent-posts-5":{"title":"","number":5,"show_date":false},"nav_menu-4":{"title":"Quick Menu","nav_menu":49},"tag_cloud-4":{"title":"Tag Cloud","count":0,"taxonomy":"post_tag"}}}